sim,fr_chaine,fr_date,fr_vues,fr_titre,fr_titre_en,en_chaine,en_date,en_vues,en_titre
0.81,L'inattendu,2026-06-10,3549,Les animaux savent-ils quand on les aide ?,Do animals know when we are helping them?,Mack,2026-06-04,796002,Do Wild Animals Know When a Human Is Helping Them?
0.83,Humain Moderne,2026-06-12,46,Les animaux sauvages comprennent-ils qu'on veut les aider ?,Do wild animals understand that we're trying to help them?,Explain In Paint,2026-06-12,21164,Do Wild Animals Know When We're Trying to Help Them?
0.82,Le Gribouilleur,2026-06-17,169035,Comment nos Ancêtres Gardaient-ils leurs Bébés en Vie ?,How Did Our Ancestors Keep Their Babies Alive?,Explain In Paint,2026-06-02,839597,How Did Ancient Humans Keep Kids Alive?
0.8,L'inattendu,2026-06-17,2705,Pourquoi les prédateurs n'attaquent-ils jamais les humains endormis ?,Why Don't Predators Ever Attack Sleeping Humans?,Stickly,2026-06-17,2225980,Why Do Predators Ignore Sleeping Humans?
0.89,Le Gribouilleur,2026-06-23,31061,Pourquoi les Prédateurs N'attaquent Presque Jamais les Humains Endormis ?,Why Do Predators Almost Never Attack Sleeping Humans?,The Primal Glitch,2026-06-21,4290,Why Predators Never Attack Sleeping Humans
1.0,Humain Moderne,2026-06-26,315,Comment nos ancêtres ont-ils survécu aux hivers meurtriers ?,How Did Our Ancestors Survive Deadly Winters?,Axen,2026-05-30,934125,How Did Ancient Humans Survive Deadly Winters?
1.0,L'inattendu,2026-07-01,351,Quand les hommes préhistoriques ont-ils commencé à fumer ?,When did prehistoric humans start smoking?,Mack,2026-05-24,1720526,When Did Ancient Humans Start Smoking?
0.85,L'inattendu,2026-07-04,5041,Comment les Hommes préhistoriques VOYAGEAIENT-ILS  dans ce monde ?,How Did Prehistoric Humans Travel Through This World?,Ink Explainer,2026-06-23,805191,How Did Ancient Humans Travel the World?
1.0,L'inattendu,2026-07-06,50064,Que faisaient les Hommes préhistoriques la nuit ?,What did prehistoric humans do at night?,Zenn,2026-04-05,8013643,What Did Ancient Humans Do at Night?
1.0,Humain Moderne,2026-07-06,1446,Que faisaient les humains toute la journée avant que le travail existe ?,What did humans do all day before jobs existed?,Axen,2026-05-04,3369144,What Did Ancient Humans Do all Day Before Jobs Existed?
0.83,L'inattendu,2026-07-11,2023,Que faisaient les hommes préhistoriques quand il PLEUVAIT pendant des jours ?,What did prehistoric humans do when it RAINED for days?,Ink Explainer,2026-07-03,1570486,What Did Ancient Humans Do When It Rained All Week?
0.87,L'inattendu,2026-07-15,4096,Comment les hommes préhistoriques survivaient-ils aux MALADIES graves ?,How did prehistoric humans survive serious DISEASES?,Explain In Paint,2026-06-09,25361,How Did Ancient Humans Survive Disease?
0.83,Humain Moderne,2026-07-15,3984,Que faisaient nos ancêtres quand il pleuvait pendant des jours ?,What did our ancestors do when it rained for days?,Ink Explainer,2026-07-03,1570486,What Did Ancient Humans Do When It Rained All Week?
0.83,Humain Moderne,2026-07-17,385,Pourquoi sommes-nous les seuls humains encore en vie ?,Why are we the only humans left alive?,Explain In Paint,2026-05-27,40758,Why Are We the Only Human Species Left?
1.0,L'inattendu,2026-07-18,5678,Les hommes préhistoriques pouvaient-ils devenir obèses ?,Could prehistoric humans become obese?,Stickly,2026-06-22,134333,Could Ancient Humans Become Obese?
0.93,L'inattendu,2026-07-20,2257,Comment les humains ont ACCIDENTELLEMENT crée les chiens ?,How Humans ACCIDENTALLY Created Dogs,Explain In Paint,2026-07-06,5691,How Did Ancient Humans Accidentally Create Dogs?
0.88,Le Gribouilleur,2026-07-21,1187,Comment nos Ancêtres Survivaient-ils à des Hivers Rigoureux ?,How Did Our Ancestors Survive Harsh Winters?,Axen,2026-05-30,934125,How Did Ancient Humans Survive Deadly Winters?
0.92,L'inattendu,2026-07-22,15555,Les Hommes préhistoriques ont-ils tué les autres espèces humaines ?,Did Prehistoric Humans Kill Off Other Human Species?,Mack,2026-07-19,20082,Did Ancient Humans Kill the Other Human Species?
1.0,L'inattendu,2026-07-23,2690,Pourquoi les Hommes préhistoriques ont-ils commencé à porter des VÊTEMENTS ?,Why did prehistoric humans start wearing CLOTHES?,Mack,2026-05-31,972657,Why Did Ancient Humans Start Wearing Clothes?
1.0,Humain Moderne,2026-07-24,487,Pourquoi les humains ont-ils commencé à porter des vêtements ?,Why did humans start wearing clothes?,Mack,2026-05-31,972657,Why Did Ancient Humans Start Wearing Clothes?
0.81,L'inattendu,2026-07-24,5851,Comment les hommes préhistoriques sont-ils passés du NOIR au BLANC ?,How did prehistoric humans go from BLACK to WHITE?,Mack,2026-06-11,1145876,Why Ancient Humans Went From Black to White?
1.0,L'inattendu,2026-07-25,2417,Comment les Hommes préhistoriques ont-ils survécus SANS médecine ?,How did prehistoric humans survive WITHOUT medicine?,Mack,2026-05-29,283013,How Did Ancient Humans Survive Without Medicine?
0.9,L'inattendu,2026-07-31,9395,Comment les Hommes préhistoriques survivaient-ils aux HIVERS ?,How did prehistoric humans survive the WINTERS?,Axen,2026-05-30,934125,How Did Ancient Humans Survive Deadly Winters?
0.8,Le Gribouilleur,2026-08-02,977,Pourquoi Toutes les Grandes Civilisations finissent par Disparaître ?,Why Do All Great Civilizations Eventually Disappear?,Explain In Paint,2026-07-21,20058,Why Do All Great Civilizations Collapse?
0.93,Gribouillis,2026-08-04,16363,Que faisaient les hommes préhistoriques quand il pleuvait une semaine ?,What did prehistoric humans do when it rained for a week?,Ink Explainer,2026-07-03,1570486,What Did Ancient Humans Do When It Rained All Week?
0.87,L'inattendu,2026-08-08,2448,Quand les humains ont-ils commencé à consommer du sel ?,When Did Humans Start Consuming Salt?,Stickly,2026-07-13,34765,When Did Early Humans Start Eating Salt?
1.0,Humain Moderne,2026-08-12,310,Pourquoi les humains sont devenus blancs ?,Why did humans become white?,Stickly,2026-05-28,14625,Why Did Ancient Humans Become White?
1.0,Zelan,2026-08-20,12013,Comment les humains préhistoriques survivaient-ils aux hivers meurtriers ?,How did prehistoric humans survive deadly winters?,Axen,2026-05-30,934125,How Did Ancient Humans Survive Deadly Winters?
1.0,L'inattendu,2026-08-21,3053,Que faisaient les Hommes préhistorique la JOURNÉE ?,What did prehistoric humans do ALL DAY?,Zenn,2026-05-09,437249,What Did Ancient Humans Do All Day?
1.0,Humain Moderne,2026-08-21,149,Pourquoi nos ancêtres ne pouvaient pas dormir sans les chiens ?,Why our ancestors couldn't sleep without dogs,The Primal Glitch,2026-07-30,104109,Why Ancient Humans Couldn't Sleep Without Dogs?
0.85,Gribouillis,2026-08-21,1595,Quand a-t-on commencé à fumer ?,When did we start smoking?,Mack,2026-05-24,1720526,When Did Ancient Humans Start Smoking?
1.0,Zelan,2026-08-22,14301,Comment nos ancêtres survivaient-ils aux prédateurs ?,How did our ancestors survive predators?,Mack,2026-06-07,538046,How Did Ancient Humans Survive Predators?
1.0,Nos Ancêtres,2026-08-24,415,Que faisaient les hommes préhistoriques la nuit ?,What did prehistoric humans do at night?,Zenn,2026-04-05,8013643,What Did Ancient Humans Do at Night?
0.86,Humain Moderne,2026-08-25,351,Comment nos ancêtres chassaient des bêtes immenses ?,How did our ancestors hunt giant beasts?,Stickly,2026-06-21,10702,How Did Ancient Humans Hunt Giant Animals?
0.83,L'inattendu,2026-08-25,652,Que pensent RÉELLEMENT les animaux des humains ?,What do animals REALLY think of humans?,Explain In Paint,2026-06-04,355039,What Do Animals Think About Humans?
1.0,L'inattendu,2026-08-27,11580,Que faisaient les Hommes préhistoriques LA NUIT ?,What did prehistoric humans do AT NIGHT?,Zenn,2026-04-05,8013643,What Did Ancient Humans Do at Night?
0.83,Nos Ancêtres,2026-09-03,500,Que faisaient nos ancêtres quand il pleuvait pendant des jours ?,What did our ancestors do when it rained for days?,Ink Explainer,2026-07-03,1570486,What Did Ancient Humans Do When It Rained All Week?
0.8,Gribouillis,2026-09-10,7345,Les animaux sentent-ils quand tu es triste ?,Do animals know when you're sad?,Mack,2026-06-09,82769,Do Animals Know When a Human is Sad?
1.0,Zelan,2026-09-11,282785,Que faisait réellement nos ancêtres toute la journée ?,What did our ancestors actually do all day?,Ink Explainer,2026-08-21,9959247,What Did Ancient Humans Actually Do All Day?
0.88,Le Gribouilleur,2026-09-14,755,Comment nos Ancêtres ont Survécu aux Pires Prédateurs ? ,How Did Our Ancestors Survive the Worst Predators?,Axen,2026-04-28,1322479,How Did Ancient Humans Survive the World's Deadliest Predators?
0.88,Zelan,2026-09-17,22595,Comment nos ancêtres chassaient-ils les géants ?,How did our ancestors hunt giants?,Stickly,2026-06-21,10702,How Did Ancient Humans Hunt Giant Animals?
0.93,Gribouillis,2026-09-18,2102,Comment les humains ont-ils découvert le fer ?,How did humans discover iron?,The Primal Glitch,2026-08-13,12643,How Did Ancient Humans Discover Bronze?
1.0,Nos Ancêtres,2026-09-19,189,Nos ancêtres pouvaient-ils devenir obèses ?,Could our ancestors become obese?,Stickly,2026-06-22,134333,Could Ancient Humans Become Obese?
1.0,Humain Moderne,2026-09-21,957,Pourquoi les humains ont-ils commencé à porter des vêtements ?,Why did humans start wearing clothes?,Mack,2026-05-31,972657,Why Did Ancient Humans Start Wearing Clothes?
1.0,Nos Ancêtres,2026-09-22,170,Comment les humains préhistoriques tuaient-ils l’ennui ?,How did prehistoric humans deal with boredom?,Explain In Paint,2026-07-04,6633,How Did Ancient Humans Deal With Boredom?
1.0,Gribouillis,2026-09-23,1343,Que faisaient vraiment nos ancêtres toute la journée ?,What did our ancestors actually do all day?,Ink Explainer,2026-08-21,9959247,What Did Ancient Humans Actually Do All Day?
0.93,Le Gribouilleur,2026-09-26,487,Comment nos Ancêtres ont-ils Découvert le Fer ?,How Did Our Ancestors Discover Iron?,The Primal Glitch,2026-08-13,12643,How Did Ancient Humans Discover Bronze?
0.87,Zelan,2026-09-29,2309,Comment l’Homme a-t-il découvert le cuivre ?,How Did Humans Discover Copper?,The Primal Glitch,2026-08-13,12643,How Did Ancient Humans Discover Bronze?
