sujet,en_n,en_med,en_max,en_premier,en_premier_chaine,en_top_chaine,en_top,fr_n,fr_chaines,fr_med,fr_max,fr_premier,fr_top_chaine,fr_top,delai_j
froid_hiver,13,67758,2415323,2026-05-01,Paint It Simple,Paint It Simple,The CRAZIEST Survival Methods Used by Ancient Humans During Ice Age,19,9,923,43867,2026-06-08,Zelan,Dormir dehors par −20 °C : la nuit d'un chasseur-cueilleur,38
predateurs,8,25389,1322479,2026-04-28,Axen,Axen,How Did Ancient Humans Survive the World's Deadliest Predators?,14,8,703,15161,2026-06-17,Gribouillis,Pourquoi les prédateurs renoncent quand tu les fixes ?,50
mort,10,9809,582024,2026-04-02,Zenn,Zenn,What Happens After We Die?,11,6,134,3657,2026-06-05,L'inattendu,Pourquoi les humains ont-ils commencé à ENTERRER leurs morts ?,64
manger,11,10036,883410,2026-04-24,Zenn,Zenn,What Did Ancient Humans Actually Eat?,9,6,1896,18911,2026-07-13,L'inattendu,Pourquoi les humains MANGENT 3 fois par jour ?,80
journee,8,253794,9959247,2026-05-04,Axen,Ink Explainer,What Did Ancient Humans Actually Do All Day?,9,6,1343,282785,2026-07-06,Zelan,Que faisait réellement nos ancêtres toute la journée ?,63
grossesse_naissance,4,10529,13572,2026-06-08,Stickly,Explain In Paint,Why Do Predators Never Attack Pregnant Animals?,9,6,1742,59060,2026-07-18,Humain Moderne,Comment les femmes enceintes faisaient avant l'ère moderne ?,40
chaleur,0,,,,,,,9,7,2404,39048,2026-07-29,Le Gribouilleur,Pourquoi les Habitants du Désert se Couvrent-ils Autant malgré la Chaleur ?,
sante,14,16573,372879,2026-05-07,Ink Explainer,Explain In Paint,Why Can’t We Cure Cancer Yet?,8,6,244,4096,2026-07-15,L'inattendu,Comment les hommes préhistoriques survivaient-ils aux MALADIES graves ?,69
vetements,2,665375,972657,2026-04-27,Ink Explainer,Mack,Why Did Ancient Humans Start Wearing Clothes?,8,5,722,22408,2026-07-23,Zelan,La vraie raison pour laquelle on s'est habillé,87
chiens_loups,20,15095,935433,2026-05-30,The Primal Glitch,Explain In Paint,How Ancient Humans Actually Created Dogs?,7,6,312,2257,2026-07-03,L'inattendu,Comment les humains ont ACCIDENTELLEMENT crée les chiens ?,34
seule_espece,6,30420,1281181,2026-05-27,Explain In Paint,Ink Explainer,Why Are We the Only Human Species Left? What happened to others...,7,6,10393,31001,2026-07-17,Zelan,Pourquoi sommes-nous la SEULE espèce humaine encore vivante sur Terre ?,51
nuit,6,34093,8013643,2026-04-05,Zenn,Zenn,What Did Ancient Humans Do at Night?,7,5,415,50064,2026-06-04,L'inattendu,Que faisaient les Hommes préhistoriques la nuit ?,60
drogues_tabac,6,173306,1720526,2026-05-24,Mack,Mack,When Did Ancient Humans Start Smoking?,7,5,477,2102,2026-06-15,Zelan,Depuis quand les humains fument-ils du cannabis ?,22
couleur_peau,4,156097,1145876,2026-05-19,Paint It Simple,Mack,Why Ancient Humans Went From Black to White?,6,5,549,29710,2026-07-24,Nos Ancêtres,Comment nos ancêtres ont-ils développé une peau claire ?,66
manger_predateurs,4,6250,25283,2026-07-25,Explain In Paint,Stickly,Why Don’t Orcas Hunt Humans?,6,4,4293,42152,2026-08-05,Gribouillis,Pourquoi ne mange-t-on presque jamais de prédateurs ?,11
pluie,3,442351,1570486,2026-07-03,Ink Explainer,Ink Explainer,What Did Ancient Humans Do When It Rained All Week?,6,6,3003,16363,2026-07-11,Gribouillis,Que faisaient les hommes préhistoriques quand il pleuvait une semaine ?,8
predateurs_endormis,2,1115135,2225980,2026-06-17,Stickly,Stickly,Why Do Predators Ignore Sleeping Humans?,6,5,5058,57682,2026-06-17,Gribouillis,Pourquoi les prédateurs ne t'attaquent pas quand tu dors ?,0
metaux,6,7827,187929,2026-08-09,The Primal Glitch,The Primal Glitch,How Did Ancient Humans Turn Rock Into Iron?,5,4,2102,445572,2026-09-14,Zelan,Comment nos ancêtres ont-ils découvert le fer ?,36
intimite,4,226844,271470,2026-05-05,Axen,Axen,How Did Ancient Humans Have Privacy?,5,5,443,37169,2026-06-12,Zelan,Les hommes préhistoriques avaient-ils une intimité ?,38
couple_sexe,8,19817,109862,2026-06-13,Stickly,Mack,Did Ancient Humans Have One Partner?,4,2,1416,2165,2026-08-12,L'inattendu,Les femmes préhistoriques étaient INFIDÈLES ?,60
animaux_aide,7,19208,796002,2026-06-04,Mack,Mack,Do Wild Animals Know When a Human Is Helping Them?,4,3,2738,63639,2026-06-10,Gribouillis,Pourquoi les animaux sauvages en détresse viennent-ils vers nous ?,6
voyager,5,6334,805191,2026-06-23,Ink Explainer,Ink Explainer,How Did Ancient Humans Travel the World?,4,3,4187,15818,2026-07-04,Zelan,Comment nos ancêtres ont traversé la Terre pieds nus,11
ennui_plaisir,5,26753,212410,2026-05-18,Explain In Paint,Ink Explainer,What Did Ancient Humans Do For Pleasure?,4,3,362,2310,2026-06-07,L'inattendu,Comment les hommes préhistoriques combattaient-ils l'ENNUI ?,20
bebes,4,8322,839597,2026-06-02,Explain In Paint,Explain In Paint,How Did Ancient Humans Keep Kids Alive?,4,4,4951,169035,2026-06-17,Le Gribouilleur,Comment nos Ancêtres Gardaient-ils leurs Bébés en Vie ?,15
sucre_chocolat,2,3396,3713,2026-08-12,Stickly,Stickly,When Did Humans First Discover Sugar?,4,4,2289,3656,2026-07-30,Zelan,Quand les humains ont-ils découvert le sucre ?,-13
moustiques,2,10412,19326,2026-07-22,Zenn,Zenn,How a Mosquito Chooses Who to Bite,4,4,2654,14523,2026-09-11,Zelan,Comment nos ancêtres dormaient-ils avec autant de moustiques ?,51
regles,1,742573,742573,2026-06-08,Mack,Mack,How Did Ancient Women Handle Their Periods?,4,4,39309,75791,2026-07-14,Lucas Explique,Comment les Femmes de l'Antiquité Géraient-elles Leurs Règles ?,36
domestication,5,7823,109205,2026-06-07,The Primal Glitch,The Primal Glitch,How Cats Domesticated Ancient Humans (And Still Do),3,2,1545,24321,2026-09-19,Les Premiers Humains,Pourquoi les humains n'ont-ils jamais dompté le zèbre ?,104
esperance_vie,4,19012,76436,2026-06-25,Mack,Mack,Why Did Ancient Humans Die Young?,3,3,1248,69430,2026-07-09,Le Gribouilleur,Quelle Était Réellement l'Espérance de Vie des Hommes Préhistoriques ?,14
oeufs_lait,4,10896,15090,2026-07-18,Mack,Mack,Why Don’t We Drink Other Animals’ Milk?,3,2,2957,249665,2026-07-10,Gribouillis,Pourquoi personne ne mange d'œufs de canard ?,-8
pouvoir_rois,2,8663,9606,2026-08-26,Axen,Axen,Weirdest Things Royals Did With Their Power,3,3,6111,14313,2026-08-19,Zelan,Comment les premiers rois ont-ils pris le pouvoir ?,-7
obesite,2,67498,134333,2026-06-22,Stickly,Stickly,Could Ancient Humans Become Obese?,3,3,4882,5678,2026-07-18,L'inattendu,Les hommes préhistoriques pouvaient-ils devenir obèses ?,26
feu,2,91917,174749,2026-06-24,Stickly,Stickly,What Did Humans Eat Before Fire?,3,2,144,1320,2026-08-09,L'inattendu,Les Hommes Préhistoriques ont inventé le FEU ?,46
animaux_pensent,1,355039,355039,2026-06-04,Explain In Paint,Explain In Paint,What Do Animals Think About Humans?,3,2,652,17273,2026-07-08,L'inattendu,Ce que les animaux pensent VRAIMENT de nous,34
animaux_tristes,1,82769,82769,2026-06-09,Mack,Mack,Do Animals Know When a Human is Sad?,3,3,143,7345,2026-06-27,Gribouillis,Les animaux sentent-ils quand tu es triste ?,18
argent,5,4134,85237,2026-05-21,Zenn,Zenn,The ENTIRE History of MONEY,2,2,3561,6065,2026-09-06,L'inattendu,Comment les Humains ont inventé l’ARGENT ?,108
sel,4,9920,34765,2026-07-13,Stickly,Stickly,When Did Early Humans Start Eating Salt?,2,2,4390,6333,2026-08-08,Zelan,Comment les humains ont-ils découvert le sel ?,26
hygiene,4,17949,53040,2026-06-23,Explain In Paint,Explain In Paint,How Did Ancient Humans Stay Clean?,2,2,7726,11731,2026-08-28,Humain Moderne,Les humains préhistoriques se nettoyaient-ils les fesses ?,66
alcool,3,259756,887446,2026-05-16,Ink Explainer,Ink Explainer,When Did Ancient Humans Start Drinking Alcohol?,2,2,1819,3461,2026-07-29,Zelan,Quand l'humain a-t-il bu son premier alcool ?,74
souvenir_bebe,2,1108213,1886757,2026-04-03,Zenn,Zenn,Why You Can't Remember Being a Baby,2,2,3547,6687,2026-05-22,Le Gribouilleur,Pourquoi Personne ne se souvient d'avoir été Bébé ?,49
dangereux,2,116718,211843,2026-07-11,Explain In Paint,Ink Explainer,Why Ancient Humans Were The Most TERRIFYING Animal Alive,2,2,1071,1521,2026-09-09,Les Premiers Humains,Comment les humains sont-ils devenus si dangereux ?,60
geants_chasse,2,7489,10702,2026-06-21,Stickly,Stickly,How Did Ancient Humans Hunt Giant Animals?,2,2,11473,22595,2026-08-25,Zelan,Comment nos ancêtres chassaient-ils les géants ?,65
beaute,2,27130,38356,2026-07-04,Mack,Mack,Were Ancient Humans Attractive?,2,2,259,413,2026-08-12,Humain Moderne,LES ANCIENS HUMAINS ETAIENT-ILS BEAUX ?,39
eau,2,3544,4563,2026-06-11,Stickly,Stickly,What Did Ancient Humans Actually Drink?,2,2,66329,129752,2026-08-04,Zelan,Comment nos ancêtres buvaient l'eau sale sans mourir,54
peur_noir,1,1494,1494,2026-09-01,Stickly,Stickly,Why Do Humans Fear the Dark?,2,2,976,1888,2026-08-10,L'inattendu,Les Hommes préhistoriques avaient peur du NOIR ?,-22
criminels,1,40345,40345,2026-06-27,Mack,Mack,How Did Ancient Humans Punish Criminals?,2,2,3750,7453,2026-07-25,Gribouillis,Que faisait-on d'un meurtrier quand les prisons n'existaient pas ?,28
calhoun,1,4922632,4922632,2026-04-29,Zenn,Zenn,The Calhoun Effect,2,2,382,442,2026-06-10,Le Gribouilleur,L'Effet Calhoun : La Société Parfaite qui s'est Effondrée ,42
yeux_bleus,1,6309,6309,2026-09-14,Stickly,Stickly,How Did Some Ancient Humans End Up With Blue Eyes?,2,2,2324,3745,2026-08-26,Les Premiers Humains,Tous les yeux bleus viennent-ils d'un seul humain ?,-19
lunettes,0,,,,,,,2,2,4626,9030,2026-09-01,L'inattendu,Comment les Humains survivaient sans LUNETTES ?,
armes,6,3609,188123,2026-05-06,Paint It Simple,Paint It Simple,Every Weapon Ancient Humans Used to Hunt Giants Explained,1,1,381,381,2026-07-07,L'inattendu,Comment les HUMAINS ont inventés les armes ?,62
animaux_peur,5,21915,503264,2026-06-13,Mack,Mack,Why Are Animals Scared of Humans?,1,1,39681,39681,2026-09-21,Zelan,Pourquoi les animaux ont-ils peur des humains ?,100
communiquer,4,27782,69528,2026-04-29,Paint It Simple,Explain In Paint,How Ancient Humans First Learned to Speak?,1,1,5777,5777,2026-07-26,L'inattendu,Comment les Hommes Préhistoriques communiquaient SANS parler ?,88
cheveux,3,5672,69605,2026-06-28,Explain In Paint,Explain In Paint,When Did Ancient Humans Start Going Bald?,1,1,4778,4778,2026-08-30,L'inattendu,Comment les Hommes préhistoriques se coupaient-ils les CHEVEUX ?,63
civilisations,3,7426,20058,2026-07-21,Explain In Paint,Explain In Paint,Why Do All Great Civilizations Collapse?,1,1,977,977,2026-08-02,Le Gribouilleur,Pourquoi Toutes les Grandes Civilisations finissent par Disparaître ?,12
grands_parents,3,2850,34750,2026-06-19,Explain In Paint,Explain In Paint,How Did Prehistoric Elders Actually Survive?,1,1,1571,1571,2026-08-01,L'inattendu,Pourquoi protégeaient-ils leurs grands-parents à TOUT prix ?,43
consanguinite,2,11509,14635,2026-07-31,Mack,Stickly,How Did Ancient Humans Prevent Inbreeding?,1,1,1511,1511,2026-08-03,L'inattendu,Les Hommes préhistoriques se reproduisaient-ils avec leur famille ?,3
s_endormir,2,436550,726862,2026-06-19,Explain In Paint,Explain In Paint,Why Can’t You Remember Falling Asleep?,1,1,19,19,2026-09-12,Les Premiers Humains,Pourquoi ton cerveau efface-t-il le moment où tu t'endors ?,85
titanic,2,362747,709171,2026-04-11,Zenn,Zenn,Why Hasn't Anyone Raised the Titanic?,1,1,898,898,2026-09-08,Le Gribouilleur,Pourquoi Remonter le Titanic est Impossible ?,150
contraception,2,9127,16364,2026-06-17,Mack,Mack,Could Ancient Humans Prevent Pregnancy?,1,1,3840,3840,2026-09-22,Le Gribouilleur,Comment les Femmes évitaient une Grossesse avant la Pilule ?,97
amerique,2,8855,14430,2026-08-04,Stickly,Mack,When Did Humans First Discover America?,1,1,3825,3825,2026-09-29,Les Premiers Humains,Comment les humains sont-ils arrivés en Amérique ?,56
afrique,2,922,1645,2026-08-23,Paint It Simple,Paint It Simple,Why did ancient humans leave Africa due to climate change?,1,1,2012,2012,2026-09-15,Les Premiers Humains,Pourquoi l'humanité n'est elle apparue qu'en Afrique ?,23
ecriture_noms,2,9013,16408,2026-09-23,Explain In Paint,Explain In Paint,When Did Humans Start Giving Each Other Names?,1,1,372,372,2026-08-20,L'inattendu,Comment les Humains ont crée L'ÉCRITURE ?,-34
armes_feu,2,348118,653054,2026-06-30,Mack,Mack,How Did Humans Invent Guns?,1,1,5817,5817,2026-07-17,Gribouillis,Comment l'homme a-t-il inventé les armes à feu ?,17
maquillage,2,29416,53256,2026-09-01,Explain In Paint,Stickly,When Did Humans First Wear Makeup?,1,1,470,470,2026-09-10,Lucas Explique,Comment les femmes se maquillent-elles dans l'Antiquité ?,9
femmes_fortes,1,10519,10519,2026-07-03,Mack,Mack,Were Cavewomen Stronger Than We Think?,1,1,105,105,2026-07-24,Lucas Explique,Les Femmes Préhistoriques Étaient-Elles Plus Fortes Qu'on Ne Le Pensait?,21
odeur,1,5120,5120,2026-09-06,Explain In Paint,Explain In Paint,What Did Ancient Egyptians Smell Like?,1,1,1041,1041,2026-07-13,Humain Moderne,Les humains préhistoriques sentaient-ils mauvais ?,-55
enfants_12,1,16526,16526,2026-07-30,Mack,Mack,Why Did Ancient Humans Become Parents at 12?,1,1,11620,11620,2026-09-02,L'inattendu,Pourquoi les ÉGYPTIENS avaient des enfants à 12 ANS ?,34
roue,1,17882,17882,2026-07-30,Zenn,Zenn,Why No Animal Has Ever Evolved A Wheel,1,1,1699,1699,2026-09-03,Zelan,Pourquoi la roue a-t-elle mis 300 000 ans à arriver ?,35
pere,1,108570,108570,2026-06-22,Explain In Paint,Explain In Paint,How Did Ancient Humans Identify Fathers?,1,1,665,665,2026-08-11,Lucas Explique,Qui est le père ? Le mystère que nos ancêtres ont dû résoudre,50
verre,1,6970,6970,2026-09-20,Stickly,Stickly,When Did Humans First Invent Glass?,1,1,443,443,2026-08-13,L'inattendu,Comment les Humains ont inventé le VERRE ?,-38
papier,1,5861,5861,2026-08-30,Stickly,Stickly,How Did Ancient Humans Actually Invent Paper?,1,1,4641,4641,2026-08-30,Zelan,Comment nos ancêtres faisaient-ils sans papier ?,0
riches,1,163108,163108,2026-06-10,Explain In Paint,Explain In Paint,What Was It Like To Be a Rich Ancient Human?,1,1,287,287,2026-09-29,Nos Ancêtres,Comment vivaient vraiment les riches dans l’Antiquité ?,111
ocean,1,156268,156268,2026-06-11,Axen,Axen,Why Does the OCEAN Get Creepier the Deeper You Go?,1,1,145,145,2026-07-21,Avant Nous,CAUCHEMAR SOUS-MARIN ? - Pourquoi l'océan devient-il terrifiant en profondeur ?,40
guerre,0,,,,,,,1,1,550,550,2026-08-17,L'inattendu,Comment la première GUERRE a été crée ?,
dents,0,,,,,,,1,1,1278,1278,2026-09-18,Le Gribouilleur,Pourquoi les Hommes Préhistoriques avaient moins de Caries que Nous ?,
pain,0,,,,,,,1,1,1154,1154,2026-08-18,L'inattendu,Comment les Humains ont crée le PAIN ?,
momies,0,,,,,,,1,1,378,378,2026-08-23,L'inattendu,Comment les ÉGYPTIENS momifiaient les corps  ?,
