n,video_id,date_utc,duree_s,vues,likes,commentaires,titre_fr,titre_en_localise
1,efqIZk5HDVs,2026-08-13T15:30,545,1330,28,3,Avant le travail : 24 heures dans la peau d'un chasseur-cueilleur,What Did Humans Actually Do All Day Before Work Was Invented?
2,iCaTu3JxN8w,2026-08-16T15:30,593,12953,119,9,Que faisaient les hommes préhistoriques quand la pluie ne s’arrêtait plus ?,What Did Prehistoric Humans Do When the Rain Wouldn't Stop for Days?
3,hLs5HQpL9ok,2026-08-18T15:30,666,28651,217,28,Pourquoi sommes-nous la SEULE espèce humaine encore vivante sur Terre ?,We Were Never Alone: Why Homo Sapiens Is the Last Human Species on Earth
4,OHjbiQBFExs,2026-08-20T15:30,616,11871,60,6,Comment les humains préhistoriques survivaient-ils aux hivers meurtriers ?,How Prehistoric Humans Survived Winters That Should Have Killed Them
5,2B-CLD8-9HY,2026-08-22T15:30,568,14116,121,1,Comment nos ancêtres survivaient-ils aux prédateurs ?,"No Claws, No Fangs: How Our Ancestors Survived Earth's Deadliest Predators"
6,7P3u4Cd41gY,2026-08-24T15:30,582,23921,201,13,Les pires choses faites par nos ancêtres pour survivre au froid,The Worst Things Our Ancestors Did to Survive the Cold
7,x9GmuGgbi7U,2026-08-26T15:30,632,3379,35,1,Quand l'humain a-t-il bu son premier alcool ?,When Did Humans Drink Their First Alcohol? Long Before Farming
8,2dDnWRwhbNY,2026-08-28T15:30,534,20627,198,15,La vraie raison pour laquelle on s'est habillé,Why Did Humans Start Wearing Clothes? The Real Reason Wasn't Warmth
9,VoI52IrYWmg,2026-08-30T15:30,550,4422,66,8,Comment nos ancêtres faisaient-ils sans papier ?,Before Toilet Paper: How Did Early Humans Actually Clean Themselves?
10,ywwkM_BQNsM,2026-09-01T15:30,579,15601,115,8,Comment nos ancêtres ont traversé la Terre pieds nus,How Did the First Humans Walk Across the Entire Planet — Barefoot?
11,lGIAWz0xkVM,2026-09-03T15:30,583,1461,44,6,Pourquoi la roue a-t-elle mis 300 000 ans à arriver ?,"Why did it take 300,000 years for the wheel to arrive?"
12,bHCtIghWTqo,2026-09-05T15:30,524,2029,39,1,Depuis quand les humains fument-ils du cannabis ?,"When Did Humans First Smoke Cannabis? The 2,500-Year-Old Answer"
13,ZBJ0fXTN4EA,2026-09-07T15:30,474,127421,811,37,Comment nos ancêtres buvaient l'eau sale sans mourir,How Did Prehistoric Humans Drink Dirty Water Without Getting Sick?
14,hSCs5hzZC0c,2026-09-09T15:30,544,14583,110,4,Comment nos ancêtres survivaient aux canicules ?,
15,u7gam_aBU4s,2026-09-11T15:30,476,276831,1973,55,Que faisait réellement nos ancêtres toute la journée ?,What did our ancestors actually do all day?
16,jsU-K1Zfvms,2026-09-13T15:30,460,35491,331,15,Les hommes préhistoriques avaient-ils une intimité ?,How Did Anyone Get Privacy in the Stone Age?
17,eSAQmZVArTQ,2026-09-14T15:30,500,434513,2614,125,Comment nos ancêtres ont-ils découvert le fer ?,
18,19YJr--2G1g,2026-09-15T15:30,553,42010,349,16,Dormir dehors par −20 °C : la nuit d'un chasseur-cueilleur,
19,YehYtdLHSn8,2026-09-17T15:30,520,21624,210,17,Comment nos ancêtres chassaient-ils les géants ?,How did our ancestors hunt giants?
20,pvx89-uxxBI,2026-09-19T15:30,554,3572,87,8,Quand les humains ont-ils découvert le sucre ?,
21,VVmHgXxTDHc,2026-09-21T15:30,553,36813,403,35,Pourquoi les animaux ont-ils peur des humains ?,
22,267RSMfvZBA,2026-09-23T15:30,579,12973,165,13,Comment les premiers rois ont-ils pris le pouvoir ?,How did the first kings take power?
23,xu93x_VqNvM,2026-09-25T15:30,562,5851,64,5,Comment les humains ont-ils découvert le sel ?,How did humans discover salt?
24,SifXsbfsJHE,2026-09-27T15:30,611,8491,73,6,Comment nos ancêtres dormaient-ils avec autant de moustiques ?,How did our ancestors sleep with so many mosquitoes?
25,W2c5V1PD7FM,2026-09-29T15:30,557,4,0,0,Comment l’Homme a-t-il découvert le cuivre ?,How Did Humans Discover Copper?
